{"cameraMode":{"drawMode":0,"name":"Shaded","section":"Shading Mode"},"sceneLighting":true,"audioPlay":false,"sceneViewState":{"showFog":true,"showMaterialUpdate":false,"showSkybox":true,"showFlares":true,"showImageEffects":true,"showParticleSystems":true},"in2DMode":false,"pivot":{"x":558.3057250976563,"y":335.939208984375,"z":168.84942626953126},"rotation":{"x":0.05468416213989258,"y":-0.08228231221437454,"z":0.00452287495136261,"w":0.9951021671295166},"size":818.634521484375,"orthographic":false}