{"cameraMode":{"drawMode":0,"name":"Shaded","section":"Shading Mode"},"sceneLighting":true,"audioPlay":false,"sceneViewState":{"showFog":true,"showMaterialUpdate":false,"showSkybox":true,"showFlares":true,"showImageEffects":true,"showParticleSystems":true},"in2DMode":false,"pivot":{"x":37.61739730834961,"y":0.261993408203125,"z":-2.3354597091674806},"rotation":{"x":0.18416793644428254,"y":-0.5848097205162048,"z":0.13846640288829804,"w":0.7777782082557678},"size":71.4323501586914,"orthographic":false}